"game_id","home_team","away_team","abs_spread","div_game","reg_playoff","penalty_count"
"2018_01_ATL_PHI","PHI","ATL",1,0,"REG",26
"2018_01_BUF_BAL","BAL","BUF",7.5,0,"REG",19
"2018_01_CHI_GB","GB","CHI",6.5,1,"REG",13
"2018_01_CIN_IND","IND","CIN",1,0,"REG",15
"2018_01_DAL_CAR","CAR","DAL",2.5,0,"REG",19
"2018_01_HOU_NE","NE","HOU",6,0,"REG",12
"2018_01_JAX_NYG","NYG","JAX",2.5,0,"REG",17
"2018_01_KC_LAC","LAC","KC",3.5,1,"REG",13
"2018_01_LA_OAK","LV","LA",6,0,"REG",19
"2018_01_NYJ_DET","DET","NYJ",7,0,"REG",10
"2018_01_PIT_CLE","CLE","PIT",3.5,1,"REG",23
"2018_01_SEA_DEN","DEN","SEA",3,0,"REG",14
"2018_01_SF_MIN","MIN","SF",6,0,"REG",10
"2018_01_TB_NO","NO","TB",10,1,"REG",15
"2018_01_TEN_MIA","MIA","TEN",1,0,"REG",12
"2018_01_WAS_ARI","ARI","WAS",2,0,"REG",18
"2018_02_ARI_LA","LA","ARI",13.5,1,"REG",14
"2018_02_BAL_CIN","CIN","BAL",1,1,"REG",16
"2018_02_CAR_ATL","ATL","CAR",5.5,1,"REG",9
"2018_02_CLE_NO","NO","CLE",10,0,"REG",8
"2018_02_DET_SF","SF","DET",6,0,"REG",19
"2018_02_HOU_TEN","TEN","HOU",3.5,1,"REG",19
"2018_02_IND_WAS","WAS","IND",6,0,"REG",13
"2018_02_KC_PIT","PIT","KC",4.5,0,"REG",24
"2018_02_LAC_BUF","BUF","LAC",7.5,0,"REG",12
"2018_02_MIA_NYJ","NYJ","MIA",3,1,"REG",9
"2018_02_MIN_GB","GB","MIN",2,1,"REG",15
"2018_02_NE_JAX","JAX","NE",2,0,"REG",9
"2018_02_NYG_DAL","DAL","NYG",3,1,"REG",9
"2018_02_OAK_DEN","DEN","LV",5.5,1,"REG",10
"2018_02_PHI_TB","TB","PHI",3,0,"REG",10
"2018_02_SEA_CHI","CHI","SEA",5,0,"REG",12
"2018_03_BUF_MIN","MIN","BUF",16.5,0,"REG",18
"2018_03_CHI_ARI","ARI","CHI",6,0,"REG",13
"2018_03_CIN_CAR","CAR","CIN",2.5,0,"REG",7
"2018_03_DAL_SEA","SEA","DAL",1,0,"REG",17
"2018_03_DEN_BAL","BAL","DEN",5.5,0,"REG",20
"2018_03_GB_WAS","WAS","GB",2.5,0,"REG",17
"2018_03_IND_PHI","PHI","IND",6.5,0,"REG",21
"2018_03_LAC_LA","LA","LAC",7.5,0,"REG",10
"2018_03_NE_DET","DET","NE",7,0,"REG",11
"2018_03_NO_ATL","ATL","NO",1.5,1,"REG",16
"2018_03_NYG_HOU","HOU","NYG",6.5,0,"REG",10
"2018_03_NYJ_CLE","CLE","NYJ",3,0,"REG",11
"2018_03_OAK_MIA","MIA","LV",3,0,"REG",17
"2018_03_PIT_TB","TB","PIT",1,0,"REG",21
"2018_03_SF_KC","KC","SF",6,0,"REG",20
"2018_03_TEN_JAX","JAX","TEN",10,1,"REG",12
"2018_04_BAL_PIT","PIT","BAL",3,1,"REG",12
"2018_04_BUF_GB","GB","BUF",8.5,0,"REG",8
"2018_04_CIN_ATL","ATL","CIN",3.5,0,"REG",16
"2018_04_CLE_OAK","LV","CLE",2.5,0,"REG",14
"2018_04_DET_DAL","DAL","DET",2.5,0,"REG",10
"2018_04_HOU_IND","IND","HOU",1,1,"REG",20
"2018_04_KC_DEN","DEN","KC",3.5,1,"REG",13
"2018_04_MIA_NE","NE","MIA",6.5,1,"REG",16
"2018_04_MIN_LA","LA","MIN",7.5,0,"REG",6
"2018_04_NO_NYG","NYG","NO",3.5,0,"REG",11
"2018_04_NYJ_JAX","JAX","NYJ",7.5,0,"REG",15
"2018_04_PHI_TEN","TEN","PHI",3,0,"REG",12
"2018_04_SEA_ARI","ARI","SEA",3.5,1,"REG",13
"2018_04_SF_LAC","LAC","SF",10,0,"REG",9
"2018_04_TB_CHI","CHI","TB",3,0,"REG",15
"2018_05_ARI_SF","SF","ARI",3,1,"REG",14
"2018_05_ATL_PIT","PIT","ATL",3.5,0,"REG",14
"2018_05_BAL_CLE","CLE","BAL",3,1,"REG",14
"2018_05_DAL_HOU","HOU","DAL",3.5,0,"REG",12
"2018_05_DEN_NYJ","NYJ","DEN",1,0,"REG",10
"2018_05_GB_DET","DET","GB",1,1,"REG",20
"2018_05_IND_NE","NE","IND",10.5,0,"REG",11
"2018_05_JAX_KC","KC","JAX",3,0,"REG",16
"2018_05_LA_SEA","SEA","LA",7.5,1,"REG",14
"2018_05_MIA_CIN","CIN","MIA",6,0,"REG",15
"2018_05_MIN_PHI","PHI","MIN",3.5,0,"REG",12
"2018_05_NYG_CAR","CAR","NYG",7,0,"REG",11
"2018_05_OAK_LAC","LAC","LV",5.5,1,"REG",16
"2018_05_TEN_BUF","BUF","TEN",6,0,"REG",9
"2018_05_WAS_NO","NO","WAS",5.5,0,"REG",10
"2018_06_ARI_MIN","MIN","ARI",10,0,"REG",14
"2018_06_BAL_TEN","TEN","BAL",2.5,0,"REG",14
"2018_06_BUF_HOU","HOU","BUF",10.5,0,"REG",18
"2018_06_CAR_WAS","WAS","CAR",1,0,"REG",13
"2018_06_CHI_MIA","MIA","CHI",7.5,0,"REG",13
"2018_06_IND_NYJ","NYJ","IND",2.5,0,"REG",15
"2018_06_JAX_DAL","DAL","JAX",3,0,"REG",7
"2018_06_KC_NE","NE","KC",4,0,"REG",5
"2018_06_LA_DEN","DEN","LA",7,0,"REG",16
"2018_06_LAC_CLE","CLE","LAC",1,0,"REG",16
"2018_06_PHI_NYG","NYG","PHI",1.5,1,"REG",9
"2018_06_PIT_CIN","CIN","PIT",1,1,"REG",15
"2018_06_SEA_OAK","LV","SEA",3,0,"REG",13
"2018_06_SF_GB","GB","SF",9,0,"REG",8
"2018_06_TB_ATL","ATL","TB",3,1,"REG",9
"2018_07_BUF_IND","IND","BUF",7,0,"REG",10
"2018_07_CAR_PHI","PHI","CAR",5,0,"REG",9
"2018_07_CIN_KC","KC","CIN",6.5,0,"REG",16
"2018_07_CLE_TB","TB","CLE",3.5,0,"REG",22
"2018_07_DAL_WAS","WAS","DAL",1.5,1,"REG",13
"2018_07_DEN_ARI","ARI","DEN",1,0,"REG",12
"2018_07_DET_MIA","MIA","DET",3,0,"REG",10
"2018_07_HOU_JAX","JAX","HOU",4,1,"REG",8
"2018_07_LA_SF","SF","LA",8,1,"REG",3
"2018_07_MIN_NYJ","NYJ","MIN",3.5,0,"REG",14
"2018_07_NE_CHI","CHI","NE",1,0,"REG",12
"2018_07_NO_BAL","BAL","NO",2.5,0,"REG",11
"2018_07_NYG_ATL","ATL","NYG",4.5,0,"REG",9
"2018_07_TEN_LAC","LAC","TEN",6.5,0,"REG",8
"2018_08_BAL_CAR","CAR","BAL",2.5,0,"REG",13
"2018_08_CLE_PIT","PIT","CLE",8.5,1,"REG",15
"2018_08_DEN_KC","KC","DEN",8.5,1,"REG",17
"2018_08_GB_LA","LA","GB",7.5,0,"REG",4
"2018_08_IND_OAK","LV","IND",3.5,0,"REG",20
"2018_08_MIA_HOU","HOU","MIA",7.5,0,"REG",13
"2018_08_NE_BUF","BUF","NE",13.5,1,"REG",11
"2018_08_NO_MIN","MIN","NO",2.5,0,"REG",13
"2018_08_NYJ_CHI","CHI","NYJ",8.5,0,"REG",10
"2018_08_PHI_JAX","JAX","PHI",4,0,"REG",9
"2018_08_SEA_DET","DET","SEA",3,0,"REG",11
"2018_08_SF_ARI","ARI","SF",2.5,1,"REG",14
"2018_08_TB_CIN","CIN","TB",3.5,0,"REG",15
"2018_08_WAS_NYG","NYG","WAS",1,1,"REG",19
"2018_09_ATL_WAS","WAS","ATL",1.5,0,"REG",17
"2018_09_CHI_BUF","BUF","CHI",10.5,0,"REG",24
"2018_09_DET_MIN","MIN","DET",4.5,1,"REG",11
"2018_09_GB_NE","NE","GB",5,0,"REG",12
"2018_09_HOU_DEN","DEN","HOU",1,0,"REG",15
"2018_09_KC_CLE","CLE","KC",7.5,0,"REG",15
"2018_09_LA_NO","NO","LA",2.5,0,"REG",6
"2018_09_LAC_SEA","SEA","LAC",1,0,"REG",22
"2018_09_NYJ_MIA","MIA","NYJ",3,1,"REG",10
"2018_09_OAK_SF","SF","LV",1.5,0,"REG",9
"2018_09_PIT_BAL","BAL","PIT",1.5,1,"REG",13
"2018_09_TB_CAR","CAR","TB",6,1,"REG",17
"2018_09_TEN_DAL","DAL","TEN",4.5,0,"REG",9
"2018_10_ARI_KC","KC","ARI",16.5,0,"REG",11
"2018_10_ATL_CLE","CLE","ATL",5.5,0,"REG",8
"2018_10_BUF_NYJ","NYJ","BUF",6.5,1,"REG",5
"2018_10_CAR_PIT","PIT","CAR",3.5,0,"REG",6
"2018_10_DAL_PHI","PHI","DAL",7.5,1,"REG",5
"2018_10_DET_CHI","CHI","DET",7.5,1,"REG",12
"2018_10_JAX_IND","IND","JAX",3,1,"REG",15
"2018_10_LAC_OAK","LV","LAC",10.5,1,"REG",12
"2018_10_MIA_GB","GB","MIA",13,0,"REG",9
"2018_10_NE_TEN","TEN","NE",6,0,"REG",8
"2018_10_NO_CIN","CIN","NO",5.5,0,"REG",5
"2018_10_NYG_SF","SF","NYG",3,0,"REG",18
"2018_10_SEA_LA","LA","SEA",10,1,"REG",17
"2018_10_WAS_TB","TB","WAS",3.5,0,"REG",13
"2018_11_CAR_DET","DET","CAR",4,0,"REG",3
"2018_11_CIN_BAL","BAL","CIN",6.5,1,"REG",12
"2018_11_DAL_ATL","ATL","DAL",3.5,0,"REG",4
"2018_11_DEN_LAC","LAC","DEN",7.5,1,"REG",21
"2018_11_GB_SEA","SEA","GB",3,0,"REG",11
"2018_11_HOU_WAS","WAS","HOU",3,0,"REG",13
"2018_11_KC_LA","LA","KC",3,0,"REG",21
"2018_11_MIN_CHI","CHI","MIN",2.5,1,"REG",9
"2018_11_OAK_ARI","ARI","LV",4.5,0,"REG",11
"2018_11_PHI_NO","NO","PHI",7,0,"REG",14
"2018_11_PIT_JAX","JAX","PIT",4,0,"REG",14
"2018_11_TB_NYG","NYG","TB",3,0,"REG",12
"2018_11_TEN_IND","IND","TEN",2,1,"REG",15
"2018_12_ARI_LAC","LAC","ARI",14,0,"REG",7
"2018_12_ATL_NO","NO","ATL",11.5,1,"REG",5
"2018_12_CHI_DET","DET","CHI",3,1,"REG",8
"2018_12_CLE_CIN","CIN","CLE",1,1,"REG",20
"2018_12_GB_MIN","MIN","GB",4,1,"REG",10
"2018_12_JAX_BUF","BUF","JAX",3,0,"REG",23
"2018_12_MIA_IND","IND","MIA",9,0,"REG",17
"2018_12_NE_NYJ","NYJ","NE",13,1,"REG",19
"2018_12_NYG_PHI","PHI","NYG",4.5,1,"REG",18
"2018_12_OAK_BAL","BAL","LV",13,0,"REG",10
"2018_12_PIT_DEN","DEN","PIT",3,0,"REG",11
"2018_12_SEA_CAR","CAR","SEA",3,0,"REG",7
"2018_12_SF_TB","TB","SF",1.5,0,"REG",17
"2018_12_TEN_HOU","HOU","TEN",3.5,1,"REG",10
"2018_12_WAS_DAL","DAL","WAS",7,1,"REG",8
"2018_13_ARI_GB","GB","ARI",13.5,0,"REG",14
"2018_13_BAL_ATL","ATL","BAL",2.5,0,"REG",17
"2018_13_BUF_MIA","MIA","BUF",3.5,1,"REG",21
"2018_13_CAR_TB","TB","CAR",3.5,1,"REG",16
"2018_13_CHI_NYG","NYG","CHI",3.5,0,"REG",20
"2018_13_CLE_HOU","HOU","CLE",5,0,"REG",11
"2018_13_DEN_CIN","CIN","DEN",3.5,0,"REG",19
"2018_13_IND_JAX","JAX","IND",4,1,"REG",14
"2018_13_KC_OAK","LV","KC",14,1,"REG",19
"2018_13_LA_DET","DET","LA",10.5,0,"REG",15
"2018_13_LAC_PIT","PIT","LAC",3.5,0,"REG",12
"2018_13_MIN_NE","NE","MIN",6,0,"REG",12
"2018_13_NO_DAL","DAL","NO",7,0,"REG",13
"2018_13_NYJ_TEN","TEN","NYJ",10.5,0,"REG",19
"2018_13_SF_SEA","SEA","SF",10,1,"REG",22
"2018_13_WAS_PHI","PHI","WAS",5.5,1,"REG",15
"2018_14_ATL_GB","GB","ATL",4,0,"REG",19
"2018_14_BAL_KC","KC","BAL",6.5,0,"REG",18
"2018_14_CAR_CLE","CLE","CAR",1,0,"REG",17
"2018_14_CIN_LAC","LAC","CIN",17,0,"REG",12
"2018_14_DEN_SF","SF","DEN",3,0,"REG",22
"2018_14_DET_ARI","ARI","DET",2.5,0,"REG",15
"2018_14_IND_HOU","HOU","IND",4,1,"REG",16
"2018_14_JAX_TEN","TEN","JAX",5.5,1,"REG",10
"2018_14_LA_CHI","CHI","LA",3,0,"REG",15
"2018_14_MIN_SEA","SEA","MIN",3,0,"REG",8
"2018_14_NE_MIA","MIA","NE",8.5,1,"REG",12
"2018_14_NO_TB","TB","NO",8.5,1,"REG",16
"2018_14_NYG_WAS","WAS","NYG",3,1,"REG",17
"2018_14_NYJ_BUF","BUF","NYJ",4.5,1,"REG",14
"2018_14_PHI_DAL","DAL","PHI",3.5,1,"REG",16
"2018_14_PIT_OAK","LV","PIT",10.5,0,"REG",15
"2018_15_ARI_ATL","ATL","ARI",10,0,"REG",14
"2018_15_CLE_DEN","DEN","CLE",1,0,"REG",14
"2018_15_DAL_IND","IND","DAL",3,0,"REG",15
"2018_15_DET_BUF","BUF","DET",2.5,0,"REG",7
"2018_15_GB_CHI","CHI","GB",6,1,"REG",11
"2018_15_HOU_NYJ","NYJ","HOU",7,0,"REG",14
"2018_15_LAC_KC","KC","LAC",3.5,1,"REG",17
"2018_15_MIA_MIN","MIN","MIA",7.5,0,"REG",14
"2018_15_NE_PIT","PIT","NE",2.5,0,"REG",18
"2018_15_NO_CAR","CAR","NO",6,1,"REG",13
"2018_15_OAK_CIN","CIN","LV",3,0,"REG",17
"2018_15_PHI_LA","LA","PHI",13.5,0,"REG",11
"2018_15_SEA_SF","SF","SEA",3.5,1,"REG",22
"2018_15_TB_BAL","BAL","TB",8.5,0,"REG",14
"2018_15_TEN_NYG","NYG","TEN",2.5,0,"REG",14
"2018_15_WAS_JAX","JAX","WAS",7.5,0,"REG",14
"2018_16_ATL_CAR","CAR","ATL",2.5,1,"REG",14
"2018_16_BAL_LAC","LAC","BAL",4,0,"REG",12
"2018_16_BUF_NE","NE","BUF",14,1,"REG",8
"2018_16_CHI_SF","SF","CHI",3.5,0,"REG",10
"2018_16_CIN_CLE","CLE","CIN",10,1,"REG",9
"2018_16_DEN_OAK","LV","DEN",2.5,1,"REG",17
"2018_16_GB_NYJ","NYJ","GB",3,0,"REG",26
"2018_16_HOU_PHI","PHI","HOU",1,0,"REG",21
"2018_16_JAX_MIA","MIA","JAX",3,0,"REG",20
"2018_16_KC_SEA","SEA","KC",1,0,"REG",11
"2018_16_LA_ARI","ARI","LA",14.5,1,"REG",13
"2018_16_MIN_DET","DET","MIN",6.5,1,"REG",18
"2018_16_NYG_IND","IND","NYG",10,0,"REG",12
"2018_16_PIT_NO","NO","PIT",6.5,0,"REG",15
"2018_16_TB_DAL","DAL","TB",7,0,"REG",19
"2018_16_WAS_TEN","TEN","WAS",12.5,0,"REG",10
"2018_17_ARI_SEA","SEA","ARI",15.5,1,"REG",4
"2018_17_ATL_TB","TB","ATL",2.5,1,"REG",12
"2018_17_CAR_NO","NO","CAR",8,1,"REG",8
"2018_17_CHI_MIN","MIN","CHI",6,1,"REG",14
"2018_17_CIN_PIT","PIT","CIN",14,1,"REG",18
"2018_17_CLE_BAL","BAL","CLE",7,1,"REG",14
"2018_17_DAL_NYG","NYG","DAL",7.5,1,"REG",17
"2018_17_DET_GB","GB","DET",7.5,1,"REG",8
"2018_17_IND_TEN","TEN","IND",5,1,"REG",21
"2018_17_JAX_HOU","HOU","JAX",7,1,"REG",10
"2018_17_LAC_DEN","DEN","LAC",7,1,"REG",17
"2018_17_MIA_BUF","BUF","MIA",5.5,1,"REG",7
"2018_17_NYJ_NE","NE","NYJ",14,1,"REG",8
"2018_17_OAK_KC","KC","LV",14.5,1,"REG",8
"2018_17_PHI_WAS","WAS","PHI",6,1,"REG",7
"2018_17_SF_LA","LA","SF",10.5,1,"REG",11
"2018_18_IND_HOU","HOU","IND",2,1,"POST",10
"2018_18_LAC_BAL","BAL","LAC",3,0,"POST",12
"2018_18_PHI_CHI","CHI","PHI",6.5,0,"POST",6
"2018_18_SEA_DAL","DAL","SEA",2.5,0,"POST",11
"2018_19_DAL_LA","LA","DAL",7.5,0,"POST",8
"2018_19_IND_KC","KC","IND",4,0,"POST",16
"2018_19_LAC_NE","NE","LAC",4,0,"POST",14
"2018_19_PHI_NO","NO","PHI",8.5,0,"POST",15
"2018_20_LA_NO","NO","LA",3,0,"POST",10
"2018_20_NE_KC","KC","NE",3,0,"POST",10
"2018_21_NE_LA","LA","NE",2,0,"POST",12
"2019_01_ATL_MIN","MIN","ATL",3.5,0,"REG",20
"2019_01_BAL_MIA","MIA","BAL",7,0,"REG",13
"2019_01_BUF_NYJ","NYJ","BUF",2.5,1,"REG",15
"2019_01_CIN_SEA","SEA","CIN",9.5,0,"REG",15
"2019_01_DEN_OAK","LV","DEN",3,1,"REG",15
"2019_01_DET_ARI","ARI","DET",2.5,0,"REG",16
"2019_01_GB_CHI","CHI","GB",3.5,1,"REG",20
"2019_01_HOU_NO","NO","HOU",6.5,0,"REG",15
"2019_01_IND_LAC","LAC","IND",6,0,"REG",6
"2019_01_KC_JAX","JAX","KC",3.5,0,"REG",15
"2019_01_LA_CAR","CAR","LA",1.5,0,"REG",11
"2019_01_NYG_DAL","DAL","NYG",7,1,"REG",14
"2019_01_PIT_NE","NE","PIT",5.5,0,"REG",13
"2019_01_SF_TB","TB","SF",1,0,"REG",19
"2019_01_TEN_CLE","CLE","TEN",5.5,0,"REG",24
"2019_01_WAS_PHI","PHI","WAS",10.5,1,"REG",18
"2019_02_ARI_BAL","BAL","ARI",13,0,"REG",18
"2019_02_BUF_NYG","NYG","BUF",1,0,"REG",16
"2019_02_CHI_DEN","DEN","CHI",3,0,"REG",17
"2019_02_CLE_NYJ","NYJ","CLE",6.5,0,"REG",21
"2019_02_DAL_WAS","WAS","DAL",6,1,"REG",14
"2019_02_IND_TEN","TEN","IND",3,1,"REG",13
"2019_02_JAX_HOU","HOU","JAX",7.5,1,"REG",16
"2019_02_KC_OAK","LV","KC",7,1,"REG",17
"2019_02_LAC_DET","DET","LAC",1,0,"REG",17
"2019_02_MIN_GB","GB","MIN",3,1,"REG",14
"2019_02_NE_MIA","MIA","NE",18,1,"REG",9
"2019_02_NO_LA","LA","NO",2,0,"REG",19
"2019_02_PHI_ATL","ATL","PHI",1,0,"REG",17
"2019_02_SEA_PIT","PIT","SEA",4,0,"REG",15
"2019_02_SF_CIN","CIN","SF",1,0,"REG",16
"2019_02_TB_CAR","CAR","TB",6.5,1,"REG",17
"2019_03_ATL_IND","IND","ATL",1,0,"REG",20
"2019_03_BAL_KC","KC","BAL",4.5,0,"REG",11
"2019_03_CAR_ARI","ARI","CAR",2.5,0,"REG",10
"2019_03_CHI_WAS","WAS","CHI",5,0,"REG",18
"2019_03_CIN_BUF","BUF","CIN",5.5,0,"REG",15
"2019_03_DEN_GB","GB","DEN",7,0,"REG",10
"2019_03_DET_PHI","PHI","DET",4,0,"REG",13
"2019_03_HOU_LAC","LAC","HOU",3,0,"REG",13
"2019_03_LA_CLE","CLE","LA",4,0,"REG",15
"2019_03_MIA_DAL","DAL","MIA",22,0,"REG",13
"2019_03_NO_SEA","SEA","NO",5,0,"REG",18
"2019_03_NYG_TB","TB","NYG",5,0,"REG",10
"2019_03_NYJ_NE","NE","NYJ",20.5,1,"REG",13
"2019_03_OAK_MIN","MIN","LV",8.5,0,"REG",13
"2019_03_PIT_SF","SF","PIT",6,0,"REG",11
"2019_03_TEN_JAX","JAX","TEN",1.5,1,"REG",13
"2019_04_CAR_HOU","HOU","CAR",5.5,0,"REG",13
"2019_04_CIN_PIT","PIT","CIN",3.5,1,"REG",12
"2019_04_CLE_BAL","BAL","CLE",7.5,1,"REG",9
"2019_04_DAL_NO","NO","DAL",2.5,0,"REG",15
"2019_04_JAX_DEN","DEN","JAX",2.5,0,"REG",17
"2019_04_KC_DET","DET","KC",7.5,0,"REG",15
"2019_04_LAC_MIA","MIA","LAC",15,0,"REG",15
"2019_04_MIN_CHI","CHI","MIN",1,1,"REG",14
"2019_04_NE_BUF","BUF","NE",7,1,"REG",16
"2019_04_OAK_IND","IND","LV",5.5,0,"REG",16
"2019_04_PHI_GB","GB","PHI",3.5,0,"REG",14
"2019_04_SEA_ARI","ARI","SEA",5.5,1,"REG",14
"2019_04_TB_LA","LA","TB",9,0,"REG",25
"2019_04_TEN_ATL","ATL","TEN",3.5,0,"REG",12
"2019_04_WAS_NYG","NYG","WAS",3,1,"REG",17
"2019_05_ARI_CIN","CIN","ARI",3,0,"REG",19
"2019_05_ATL_HOU","HOU","ATL",4,0,"REG",16
"2019_05_BAL_PIT","PIT","BAL",3.5,1,"REG",22
"2019_05_BUF_TEN","TEN","BUF",3.5,0,"REG",19
"2019_05_CHI_OAK","LV","CHI",6.5,0,"REG",16
"2019_05_CLE_SF","SF","CLE",5,0,"REG",11
"2019_05_DEN_LAC","LAC","DEN",4,1,"REG",16
"2019_05_GB_DAL","DAL","GB",3.5,0,"REG",19
"2019_05_IND_KC","KC","IND",10.5,0,"REG",18
"2019_05_JAX_CAR","CAR","JAX",3,0,"REG",17
"2019_05_LA_SEA","SEA","LA",1.5,1,"REG",11
"2019_05_MIN_NYG","NYG","MIN",5.5,0,"REG",17
"2019_05_NE_WAS","WAS","NE",15.5,0,"REG",13
"2019_05_NYJ_PHI","PHI","NYJ",14,0,"REG",18
"2019_05_TB_NO","NO","TB",3,1,"REG",10
"2019_06_ATL_ARI","ARI","ATL",3,0,"REG",16
"2019_06_CAR_TB","TB","CAR",2,1,"REG",12
"2019_06_CIN_BAL","BAL","CIN",10.5,1,"REG",14
"2019_06_DAL_NYJ","NYJ","DAL",7,0,"REG",17
"2019_06_DET_GB","GB","DET",3.5,1,"REG",14
"2019_06_HOU_KC","KC","HOU",3.5,0,"REG",21
"2019_06_NO_JAX","JAX","NO",2.5,0,"REG",5
"2019_06_NYG_NE","NE","NYG",16.5,0,"REG",8
"2019_06_PHI_MIN","MIN","PHI",3.5,0,"REG",11
"2019_06_PIT_LAC","LAC","PIT",6,0,"REG",14
"2019_06_SEA_CLE","CLE","SEA",1,0,"REG",19
"2019_06_SF_LA","LA","SF",3,1,"REG",12
"2019_06_TEN_DEN","DEN","TEN",1,0,"REG",14
"2019_06_WAS_MIA","MIA","WAS",6,0,"REG",11
"2019_07_ARI_NYG","NYG","ARI",3.5,0,"REG",16
"2019_07_BAL_SEA","SEA","BAL",3,0,"REG",10
"2019_07_HOU_IND","IND","HOU",1.5,1,"REG",16
"2019_07_JAX_CIN","CIN","JAX",4,0,"REG",17
"2019_07_KC_DEN","DEN","KC",3,1,"REG",10
"2019_07_LA_ATL","ATL","LA",3,0,"REG",10
"2019_07_LAC_TEN","TEN","LAC",3,0,"REG",11
"2019_07_MIA_BUF","BUF","MIA",17,1,"REG",15
"2019_07_MIN_DET","DET","MIN",2.5,1,"REG",14
"2019_07_NE_NYJ","NYJ","NE",9.5,1,"REG",15
"2019_07_NO_CHI","CHI","NO",4,0,"REG",7
"2019_07_OAK_GB","GB","LV",5.5,0,"REG",11
"2019_07_PHI_DAL","DAL","PHI",3,1,"REG",11
"2019_07_SF_WAS","WAS","SF",10,0,"REG",9
"2019_08_ARI_NO","NO","ARI",12.5,0,"REG",7
"2019_08_CAR_SF","SF","CAR",4.5,0,"REG",13
"2019_08_CIN_LA","LA","CIN",12,0,"REG",15
"2019_08_CLE_NE","NE","CLE",9.5,0,"REG",17
"2019_08_DEN_IND","IND","DEN",6,0,"REG",20
"2019_08_GB_KC","KC","GB",5,0,"REG",7
"2019_08_LAC_CHI","CHI","LAC",3.5,0,"REG",13
"2019_08_MIA_PIT","PIT","MIA",14,0,"REG",14
"2019_08_NYG_DET","DET","NYG",6.5,0,"REG",12
"2019_08_NYJ_JAX","JAX","NYJ",7,0,"REG",19
"2019_08_OAK_HOU","HOU","LV",5,0,"REG",18
"2019_08_PHI_BUF","BUF","PHI",1,0,"REG",12
"2019_08_SEA_ATL","ATL","SEA",7.5,0,"REG",14
"2019_08_TB_TEN","TEN","TB",2,0,"REG",15
"2019_08_WAS_MIN","MIN","WAS",16.5,0,"REG",11
"2019_09_CHI_PHI","PHI","CHI",5,0,"REG",17
"2019_09_CLE_DEN","DEN","CLE",4,0,"REG",12
"2019_09_DAL_NYG","NYG","DAL",6.5,1,"REG",18
"2019_09_DET_OAK","LV","DET",2.5,0,"REG",15
"2019_09_GB_LAC","LAC","GB",4,0,"REG",13
"2019_09_HOU_JAX","JAX","HOU",1,1,"REG",11
"2019_09_IND_PIT","PIT","IND",1,0,"REG",12
"2019_09_MIN_KC","KC","MIN",5.5,0,"REG",7
"2019_09_NE_BAL","BAL","NE",3,0,"REG",11
"2019_09_NYJ_MIA","MIA","NYJ",3.5,1,"REG",16
"2019_09_SF_ARI","ARI","SF",10.5,1,"REG",17
"2019_09_TB_SEA","SEA","TB",4,0,"REG",14
"2019_09_TEN_CAR","CAR","TEN",3.5,0,"REG",17
"2019_09_WAS_BUF","BUF","WAS",10.5,0,"REG",5
"2019_10_ARI_TB","TB","ARI",5.5,0,"REG",20
"2019_10_ATL_NO","NO","ATL",14,1,"REG",19
"2019_10_BAL_CIN","CIN","BAL",10.5,1,"REG",6
"2019_10_BUF_CLE","CLE","BUF",3,0,"REG",11
"2019_10_CAR_GB","GB","CAR",5,0,"REG",15
"2019_10_DET_CHI","CHI","DET",6,1,"REG",15
"2019_10_KC_TEN","TEN","KC",5,0,"REG",17
"2019_10_LA_PIT","PIT","LA",4,0,"REG",23
"2019_10_LAC_OAK","LV","LAC",1,1,"REG",20
"2019_10_MIA_IND","IND","MIA",11,0,"REG",7
"2019_10_MIN_DAL","DAL","MIN",3.5,0,"REG",10
"2019_10_NYG_NYJ","NYJ","NYG",3,0,"REG",13
"2019_10_SEA_SF","SF","SEA",6.5,1,"REG",14
"2019_11_ARI_SF","SF","ARI",10,1,"REG",20
"2019_11_ATL_CAR","CAR","ATL",3.5,1,"REG",11
"2019_11_BUF_MIA","MIA","BUF",7,1,"REG",11
"2019_11_CHI_LA","LA","CHI",5,0,"REG",8
"2019_11_CIN_OAK","LV","CIN",13,0,"REG",11
"2019_11_DAL_DET","DET","DAL",7.5,0,"REG",17
"2019_11_DEN_MIN","MIN","DEN",10,0,"REG",11
"2019_11_HOU_BAL","BAL","HOU",4,0,"REG",13
"2019_11_JAX_IND","IND","JAX",2.5,1,"REG",11
"2019_11_KC_LAC","LAC","KC",5.5,1,"REG",17
"2019_11_NE_PHI","PHI","NE",4.5,0,"REG",13
"2019_11_NO_TB","TB","NO",5,1,"REG",16
"2019_11_NYJ_WAS","WAS","NYJ",1,0,"REG",16
"2019_11_PIT_CLE","CLE","PIT",3,1,"REG",14
"2019_12_BAL_LA","LA","BAL",3.5,0,"REG",16
"2019_12_CAR_NO","NO","CAR",10,1,"REG",15
"2019_12_DAL_NE","NE","DAL",5.5,0,"REG",13
"2019_12_DEN_BUF","BUF","DEN",3.5,0,"REG",19
"2019_12_DET_WAS","WAS","DET",4,0,"REG",14
"2019_12_GB_SF","SF","GB",3,0,"REG",14
"2019_12_IND_HOU","HOU","IND",3.5,1,"REG",7
"2019_12_JAX_TEN","TEN","JAX",4.5,1,"REG",17
"2019_12_MIA_CLE","CLE","MIA",11,0,"REG",15
"2019_12_NYG_CHI","CHI","NYG",6,0,"REG",12
"2019_12_OAK_NYJ","NYJ","LV",3.5,0,"REG",8
"2019_12_PIT_CIN","CIN","PIT",5.5,1,"REG",17
"2019_12_SEA_PHI","PHI","SEA",1,0,"REG",14
"2019_12_TB_ATL","ATL","TB",3.5,1,"REG",15
"2019_13_BUF_DAL","DAL","BUF",6.5,0,"REG",12
"2019_13_CHI_DET","DET","CHI",5.5,1,"REG",19
"2019_13_CLE_PIT","PIT","CLE",1,1,"REG",15
"2019_13_GB_NYG","NYG","GB",6.5,0,"REG",11
"2019_13_LA_ARI","ARI","LA",2.5,1,"REG",10
"2019_13_LAC_DEN","DEN","LAC",4.5,1,"REG",10
"2019_13_MIN_SEA","SEA","MIN",2.5,0,"REG",4
"2019_13_NE_HOU","HOU","NE",3.5,0,"REG",16
"2019_13_NO_ATL","ATL","NO",7,1,"REG",13
"2019_13_NYJ_CIN","CIN","NYJ",2.5,0,"REG",12
"2019_13_OAK_KC","KC","LV",11.5,1,"REG",12
"2019_13_PHI_MIA","MIA","PHI",10.5,0,"REG",17
"2019_13_SF_BAL","BAL","SF",5.5,0,"REG",9
"2019_13_TB_JAX","JAX","TB",3,0,"REG",24
"2019_13_TEN_IND","IND","TEN",1,1,"REG",9
"2019_13_WAS_CAR","CAR","WAS",10.5,0,"REG",11
"2019_14_BAL_BUF","BUF","BAL",6.5,0,"REG",13
"2019_14_CAR_ATL","ATL","CAR",3.5,1,"REG",13
"2019_14_CIN_CLE","CLE","CIN",6.5,1,"REG",14
"2019_14_DAL_CHI","CHI","DAL",3,0,"REG",10
"2019_14_DEN_HOU","HOU","DEN",8,0,"REG",16
"2019_14_DET_MIN","MIN","DET",12,1,"REG",12
"2019_14_IND_TB","TB","IND",3,0,"REG",9
"2019_14_KC_NE","NE","KC",3,0,"REG",15
"2019_14_LAC_JAX","JAX","LAC",3.5,0,"REG",16
"2019_14_MIA_NYJ","NYJ","MIA",5,1,"REG",10
"2019_14_NYG_PHI","PHI","NYG",9.5,1,"REG",11
"2019_14_PIT_ARI","ARI","PIT",2.5,0,"REG",11
"2019_14_SEA_LA","LA","SEA",1,1,"REG",11
"2019_14_SF_NO","NO","SF",1,0,"REG",15
"2019_14_TEN_OAK","LV","TEN",3,0,"REG",7
"2019_14_WAS_GB","GB","WAS",13,0,"REG",8
"2019_15_ATL_SF","SF","ATL",10.5,0,"REG",18
"2019_15_BUF_PIT","PIT","BUF",1,0,"REG",14
"2019_15_CHI_GB","GB","CHI",4,1,"REG",8
"2019_15_CLE_ARI","ARI","CLE",3,0,"REG",11
"2019_15_DEN_KC","KC","DEN",10,1,"REG",12
"2019_15_HOU_TEN","TEN","HOU",3,1,"REG",9
"2019_15_IND_NO","NO","IND",8,0,"REG",13
"2019_15_JAX_OAK","LV","JAX",7,0,"REG",14
"2019_15_LA_DAL","DAL","LA",1,0,"REG",9
"2019_15_MIA_NYG","NYG","MIA",3.5,0,"REG",11
"2019_15_MIN_LAC","LAC","MIN",1,0,"REG",10
"2019_15_NE_CIN","CIN","NE",10.5,0,"REG",9
"2019_15_NYJ_BAL","BAL","NYJ",17,0,"REG",14
"2019_15_PHI_WAS","WAS","PHI",7,1,"REG",12
"2019_15_SEA_CAR","CAR","SEA",6,0,"REG",7
"2019_15_TB_DET","DET","TB",5.5,0,"REG",11
"2019_16_ARI_SEA","SEA","ARI",8,1,"REG",12
"2019_16_BAL_CLE","CLE","BAL",9.5,1,"REG",14
"2019_16_BUF_NE","NE","BUF",7,1,"REG",10
"2019_16_CAR_IND","IND","CAR",7.5,0,"REG",6
"2019_16_CIN_MIA","MIA","CIN",1.5,0,"REG",16
"2019_16_DAL_PHI","PHI","DAL",2,1,"REG",6
"2019_16_DET_DEN","DEN","DET",9.5,0,"REG",13
"2019_16_GB_MIN","MIN","GB",4,1,"REG",5
"2019_16_HOU_TB","TB","HOU",3,0,"REG",10
"2019_16_JAX_ATL","ATL","JAX",7.5,0,"REG",15
"2019_16_KC_CHI","CHI","KC",6.5,0,"REG",16
"2019_16_LA_SF","SF","LA",7,1,"REG",10
"2019_16_NO_TEN","TEN","NO",3.5,0,"REG",17
"2019_16_NYG_WAS","WAS","NYG",1,1,"REG",10
"2019_16_OAK_LAC","LAC","LV",7.5,1,"REG",7
"2019_16_PIT_NYJ","NYJ","PIT",3,0,"REG",7
"2019_17_ARI_LA","LA","ARI",7,1,"REG",18
"2019_17_ATL_TB","TB","ATL",1,1,"REG",17
"2019_17_CHI_MIN","MIN","CHI",5.5,1,"REG",6
"2019_17_CLE_CIN","CIN","CLE",2.5,1,"REG",7
"2019_17_GB_DET","DET","GB",13.5,1,"REG",13
"2019_17_IND_JAX","JAX","IND",5,1,"REG",7
"2019_17_LAC_KC","KC","LAC",10,1,"REG",13
"2019_17_MIA_NE","NE","MIA",17.5,1,"REG",10
"2019_17_NO_CAR","CAR","NO",13.5,1,"REG",8
"2019_17_NYJ_BUF","BUF","NYJ",1.5,1,"REG",7
"2019_17_OAK_DEN","DEN","LV",5.5,1,"REG",19
"2019_17_PHI_NYG","NYG","PHI",4,1,"REG",11
"2019_17_PIT_BAL","BAL","PIT",2,1,"REG",12
"2019_17_SF_SEA","SEA","SF",3.5,1,"REG",13
"2019_17_TEN_HOU","HOU","TEN",10,1,"REG",10
"2019_17_WAS_DAL","DAL","WAS",13,1,"REG",12
"2019_18_BUF_HOU","HOU","BUF",2.5,0,"POST",11
"2019_18_MIN_NO","NO","MIN",7.5,0,"POST",10
"2019_18_SEA_PHI","PHI","SEA",1,0,"POST",18
"2019_18_TEN_NE","NE","TEN",4.5,0,"POST",8
"2019_19_HOU_KC","KC","HOU",10,0,"POST",11
"2019_19_MIN_SF","SF","MIN",7,0,"POST",6
"2019_19_SEA_GB","GB","SEA",4.5,0,"POST",10
"2019_19_TEN_BAL","BAL","TEN",10,0,"POST",12
"2019_20_GB_SF","SF","GB",8,0,"POST",8
"2019_20_TEN_KC","KC","TEN",7.5,0,"POST",17
"2019_21_SF_KC","KC","SF",1.5,0,"POST",9
"2020_01_ARI_SF","SF","ARI",7,1,"REG",14
"2020_01_CHI_DET","DET","CHI",2.5,1,"REG",14
"2020_01_CLE_BAL","BAL","CLE",7,1,"REG",15
"2020_01_DAL_LA","LA","DAL",1,0,"REG",12
"2020_01_GB_MIN","MIN","GB",1,1,"REG",11
"2020_01_HOU_KC","KC","HOU",9.5,0,"REG",6
"2020_01_IND_JAX","JAX","IND",7,1,"REG",11
"2020_01_LAC_CIN","CIN","LAC",2.5,0,"REG",13
"2020_01_LV_CAR","CAR","LV",3,0,"REG",8
"2020_01_MIA_NE","NE","MIA",7.5,1,"REG",7
"2020_01_NYJ_BUF","BUF","NYJ",6.5,1,"REG",16
"2020_01_PHI_WAS","WAS","PHI",5.5,1,"REG",10
"2020_01_PIT_NYG","NYG","PIT",6,0,"REG",7
"2020_01_SEA_ATL","ATL","SEA",1,0,"REG",12
"2020_01_TB_NO","NO","TB",4,1,"REG",15
"2020_01_TEN_DEN","DEN","TEN",3,0,"REG",10
"2020_02_ATL_DAL","DAL","ATL",3,0,"REG",15
"2020_02_BAL_HOU","HOU","BAL",7.5,0,"REG",7
"2020_02_BUF_MIA","MIA","BUF",5.5,1,"REG",9
"2020_02_CAR_TB","TB","CAR",7.5,1,"REG",14
"2020_02_CIN_CLE","CLE","CIN",6,1,"REG",12
"2020_02_DEN_PIT","PIT","DEN",6,0,"REG",14
"2020_02_DET_GB","GB","DET",7,1,"REG",15
"2020_02_JAX_TEN","TEN","JAX",7,1,"REG",12
"2020_02_KC_LAC","LAC","KC",8.5,1,"REG",17
"2020_02_LA_PHI","PHI","LA",2,0,"REG",9
"2020_02_MIN_IND","IND","MIN",3.5,0,"REG",15
"2020_02_NE_SEA","SEA","NE",4,0,"REG",11
"2020_02_NO_LV","LV","NO",4,0,"REG",13
"2020_02_NYG_CHI","CHI","NYG",4.5,0,"REG",8
"2020_02_SF_NYJ","NYJ","SF",7,0,"REG",10
"2020_02_WAS_ARI","ARI","WAS",7.5,0,"REG",17
"2020_03_CAR_LAC","LAC","CAR",6,0,"REG",11
"2020_03_CHI_ATL","ATL","CHI",2.5,0,"REG",17
"2020_03_CIN_PHI","PHI","CIN",5.5,0,"REG",20
"2020_03_DAL_SEA","SEA","DAL",5.5,0,"REG",15
"2020_03_DET_ARI","ARI","DET",4.5,0,"REG",14
"2020_03_GB_NO","NO","GB",3.5,0,"REG",10
"2020_03_HOU_PIT","PIT","HOU",4,0,"REG",6
"2020_03_KC_BAL","BAL","KC",3.5,0,"REG",12
"2020_03_LA_BUF","BUF","LA",1.5,0,"REG",8
"2020_03_LV_NE","NE","LV",7,0,"REG",8
"2020_03_MIA_JAX","JAX","MIA",3,0,"REG",14
"2020_03_NYJ_IND","IND","NYJ",12.5,0,"REG",11
"2020_03_SF_NYG","NYG","SF",3,0,"REG",11
"2020_03_TB_DEN","DEN","TB",6,0,"REG",13
"2020_03_TEN_MIN","MIN","TEN",3,0,"REG",7
"2020_03_WAS_CLE","CLE","WAS",7.5,0,"REG",10
"2020_04_ARI_CAR","CAR","ARI",3,0,"REG",15
"2020_04_ATL_GB","GB","ATL",5,0,"REG",6
"2020_04_BAL_WAS","WAS","BAL",14.5,0,"REG",7
"2020_04_BUF_LV","LV","BUF",3,0,"REG",12
"2020_04_CLE_DAL","DAL","CLE",3.5,0,"REG",11
"2020_04_DEN_NYJ","NYJ","DEN",1,0,"REG",19
"2020_04_IND_CHI","CHI","IND",3.5,0,"REG",16
"2020_04_JAX_CIN","CIN","JAX",1,0,"REG",13
"2020_04_LAC_TB","TB","LAC",7.5,0,"REG",15
"2020_04_MIN_HOU","HOU","MIN",3.5,0,"REG",6
"2020_04_NE_KC","KC","NE",7,0,"REG",8
"2020_04_NO_DET","DET","NO",3,0,"REG",9
"2020_04_NYG_LA","LA","NYG",13.5,0,"REG",5
"2020_04_PHI_SF","SF","PHI",8.5,0,"REG",9
"2020_04_SEA_MIA","MIA","SEA",4.5,0,"REG",3
"2020_05_ARI_NYJ","NYJ","ARI",7,0,"REG",16
"2020_05_BUF_TEN","TEN","BUF",3,0,"REG",16
"2020_05_CAR_ATL","ATL","CAR",2.5,1,"REG",7
"2020_05_CIN_BAL","BAL","CIN",12.5,1,"REG",9
"2020_05_IND_CLE","CLE","IND",1,0,"REG",7
"2020_05_JAX_HOU","HOU","JAX",6.5,1,"REG",9
"2020_05_LA_WAS","WAS","LA",7,0,"REG",8
"2020_05_LAC_NO","NO","LAC",7,0,"REG",6
"2020_05_LV_KC","KC","LV",11,1,"REG",18
"2020_05_MIA_SF","SF","MIA",8.5,0,"REG",14
"2020_05_MIN_SEA","SEA","MIN",6.5,0,"REG",9
"2020_05_NYG_DAL","DAL","NYG",7.5,1,"REG",11
"2020_05_PHI_PIT","PIT","PHI",7.5,0,"REG",17
"2020_05_TB_CHI","CHI","TB",3.5,0,"REG",17
"2020_06_ARI_DAL","DAL","ARI",1,0,"REG",13
"2020_06_ATL_MIN","MIN","ATL",3.5,0,"REG",8
"2020_06_BAL_PHI","PHI","BAL",10.5,0,"REG",15
"2020_06_CHI_CAR","CAR","CHI",2,0,"REG",18
"2020_06_CIN_IND","IND","CIN",7.5,0,"REG",12
"2020_06_CLE_PIT","PIT","CLE",3,1,"REG",13
"2020_06_DEN_NE","NE","DEN",7,0,"REG",3
"2020_06_DET_JAX","JAX","DET",3,0,"REG",12
"2020_06_GB_TB","TB","GB",3,0,"REG",6
"2020_06_HOU_TEN","TEN","HOU",4,1,"REG",11
"2020_06_KC_BUF","BUF","KC",5.5,0,"REG",12
"2020_06_LA_SF","SF","LA",2,1,"REG",13
"2020_06_NYJ_MIA","MIA","NYJ",9.5,1,"REG",12
"2020_06_WAS_NYG","NYG","WAS",2,1,"REG",12
"2020_07_BUF_NYJ","NYJ","BUF",9.5,1,"REG",17
"2020_07_CAR_NO","NO","CAR",7,1,"REG",7
"2020_07_CHI_LA","LA","CHI",6.5,0,"REG",10
"2020_07_CLE_CIN","CIN","CLE",4.5,1,"REG",12
"2020_07_DAL_WAS","WAS","DAL",1,1,"REG",10
"2020_07_DET_ATL","ATL","DET",1,0,"REG",13
"2020_07_GB_HOU","HOU","GB",2.5,0,"REG",11
"2020_07_JAX_LAC","LAC","JAX",8,0,"REG",9
"2020_07_KC_DEN","DEN","KC",7,1,"REG",6
"2020_07_NYG_PHI","PHI","NYG",5,1,"REG",16
"2020_07_PIT_TEN","TEN","PIT",1,0,"REG",15
"2020_07_SEA_ARI","ARI","SEA",3.5,1,"REG",14
"2020_07_SF_NE","NE","SF",3,0,"REG",9
"2020_07_TB_LV","LV","TB",3.5,0,"REG",8
"2020_08_ATL_CAR","CAR","ATL",1.5,1,"REG",12
"2020_08_DAL_PHI","PHI","DAL",10,1,"REG",11
"2020_08_IND_DET","DET","IND",3.5,0,"REG",7
"2020_08_LA_MIA","MIA","LA",3.5,0,"REG",8
"2020_08_LAC_DEN","DEN","LAC",3,1,"REG",14
"2020_08_LV_CLE","CLE","LV",1,0,"REG",12
"2020_08_MIN_GB","GB","MIN",5.5,1,"REG",16
"2020_08_NE_BUF","BUF","NE",4,1,"REG",10
"2020_08_NO_CHI","CHI","NO",5.5,0,"REG",12
"2020_08_NYJ_KC","KC","NYJ",20,0,"REG",10
"2020_08_PIT_BAL","BAL","PIT",4,1,"REG",12
"2020_08_SF_SEA","SEA","SF",1,1,"REG",12
"2020_08_TB_NYG","NYG","TB",13,0,"REG",10
"2020_08_TEN_CIN","CIN","TEN",7.5,0,"REG",14
"2020_09_BAL_IND","IND","BAL",1,0,"REG",9
"2020_09_CAR_KC","KC","CAR",10,0,"REG",20
"2020_09_CHI_TEN","TEN","CHI",6.5,0,"REG",11
"2020_09_DEN_ATL","ATL","DEN",4.5,0,"REG",10
"2020_09_DET_MIN","MIN","DET",3,1,"REG",12
"2020_09_GB_SF","SF","GB",6,0,"REG",9
"2020_09_HOU_JAX","JAX","HOU",7,1,"REG",7
"2020_09_LV_LAC","LAC","LV",1,1,"REG",7
"2020_09_MIA_ARI","ARI","MIA",6,0,"REG",14
"2020_09_NE_NYJ","NYJ","NE",9.5,1,"REG",10
"2020_09_NO_TB","TB","NO",3,1,"REG",8
"2020_09_NYG_WAS","WAS","NYG",3,1,"REG",10
"2020_09_PIT_DAL","DAL","PIT",14,0,"REG",10
"2020_09_SEA_BUF","BUF","SEA",3,0,"REG",10
"2020_10_BAL_NE","NE","BAL",7,0,"REG",11
"2020_10_BUF_ARI","ARI","BUF",3,0,"REG",16
"2020_10_CIN_PIT","PIT","CIN",6.5,1,"REG",12
"2020_10_DEN_LV","LV","DEN",3.5,1,"REG",15
"2020_10_HOU_CLE","CLE","HOU",4.5,0,"REG",12
"2020_10_IND_TEN","TEN","IND",1,1,"REG",12
"2020_10_JAX_GB","GB","JAX",13.5,0,"REG",11
"2020_10_LAC_MIA","MIA","LAC",1,0,"REG",8
"2020_10_MIN_CHI","CHI","MIN",3.5,1,"REG",5
"2020_10_PHI_NYG","NYG","PHI",4.5,1,"REG",18
"2020_10_SEA_LA","LA","SEA",3,1,"REG",8
"2020_10_SF_NO","NO","SF",9.5,0,"REG",11
"2020_10_TB_CAR","CAR","TB",6,1,"REG",8
"2020_10_WAS_DET","DET","WAS",2.5,0,"REG",15
"2020_11_ARI_SEA","SEA","ARI",3,1,"REG",18
"2020_11_ATL_NO","NO","ATL",3.5,1,"REG",12
"2020_11_CIN_WAS","WAS","CIN",2,0,"REG",9
"2020_11_DAL_MIN","MIN","DAL",7,0,"REG",12
"2020_11_DET_CAR","CAR","DET",3,0,"REG",11
"2020_11_GB_IND","IND","GB",1.5,0,"REG",15
"2020_11_KC_LV","LV","KC",7.5,1,"REG",18
"2020_11_LA_TB","TB","LA",4,0,"REG",7
"2020_11_MIA_DEN","DEN","MIA",4,0,"REG",13
"2020_11_NE_HOU","HOU","NE",2.5,0,"REG",12
"2020_11_NYJ_LAC","LAC","NYJ",10,0,"REG",17
"2020_11_PHI_CLE","CLE","PHI",2.5,0,"REG",8
"2020_11_PIT_JAX","JAX","PIT",11,0,"REG",14
"2020_11_TEN_BAL","BAL","TEN",6,0,"REG",10
"2020_12_ARI_NE","NE","ARI",1,0,"REG",12
"2020_12_BAL_PIT","PIT","BAL",10.5,1,"REG",12
"2020_12_CAR_MIN","MIN","CAR",3,0,"REG",15
"2020_12_CHI_GB","GB","CHI",7.5,1,"REG",8
"2020_12_CLE_JAX","JAX","CLE",7.5,0,"REG",11
"2020_12_HOU_DET","DET","HOU",3,0,"REG",14
"2020_12_KC_TB","TB","KC",3.5,0,"REG",18
"2020_12_LAC_BUF","BUF","LAC",4.5,0,"REG",14
"2020_12_LV_ATL","ATL","LV",3.5,0,"REG",17
"2020_12_MIA_NYJ","NYJ","MIA",7.5,1,"REG",9
"2020_12_NO_DEN","DEN","NO",17,0,"REG",7
"2020_12_NYG_CIN","CIN","NYG",6.5,0,"REG",8
"2020_12_SEA_PHI","PHI","SEA",6.5,0,"REG",17
"2020_12_SF_LA","LA","SF",5,1,"REG",8
"2020_12_TEN_IND","IND","TEN",3,1,"REG",15
"2020_12_WAS_DAL","DAL","WAS",2.5,1,"REG",10
"2020_13_BUF_SF","SF","BUF",1.5,0,"REG",11
"2020_13_CIN_MIA","MIA","CIN",10.5,0,"REG",14
"2020_13_CLE_TEN","TEN","CLE",4,0,"REG",18
"2020_13_DAL_BAL","BAL","DAL",8.5,0,"REG",11
"2020_13_DEN_KC","KC","DEN",13,1,"REG",9
"2020_13_DET_CHI","CHI","DET",3,1,"REG",10
"2020_13_IND_HOU","HOU","IND",3.5,1,"REG",10
"2020_13_JAX_MIN","MIN","JAX",10.5,0,"REG",16
"2020_13_LA_ARI","ARI","LA",2.5,1,"REG",11
"2020_13_LV_NYJ","NYJ","LV",7.5,0,"REG",9
"2020_13_NE_LAC","LAC","NE",2.5,0,"REG",8
"2020_13_NO_ATL","ATL","NO",2.5,1,"REG",11
"2020_13_NYG_SEA","SEA","NYG",11,0,"REG",12
"2020_13_PHI_GB","GB","PHI",8,0,"REG",9
"2020_13_WAS_PIT","PIT","WAS",5.5,0,"REG",15
"2020_14_ARI_NYG","NYG","ARI",3,0,"REG",6
"2020_14_ATL_LAC","LAC","ATL",1,0,"REG",10
"2020_14_BAL_CLE","CLE","BAL",3,1,"REG",16
"2020_14_DAL_CIN","CIN","DAL",3,0,"REG",8
"2020_14_DEN_CAR","CAR","DEN",4,0,"REG",9
"2020_14_GB_DET","DET","GB",9.5,1,"REG",16
"2020_14_HOU_CHI","CHI","HOU",1,0,"REG",13
"2020_14_IND_LV","LV","IND",2.5,0,"REG",12
"2020_14_KC_MIA","MIA","KC",7.5,0,"REG",11
"2020_14_MIN_TB","TB","MIN",7,0,"REG",10
"2020_14_NE_LA","LA","NE",5,0,"REG",10
"2020_14_NO_PHI","PHI","NO",7.5,0,"REG",14
"2020_14_NYJ_SEA","SEA","NYJ",16.5,0,"REG",11
"2020_14_PIT_BUF","BUF","PIT",2,0,"REG",10
"2020_14_TEN_JAX","JAX","TEN",7.5,1,"REG",17
"2020_14_WAS_SF","SF","WAS",3,0,"REG",10
"2020_15_BUF_DEN","DEN","BUF",5.5,0,"REG",15
"2020_15_CAR_GB","GB","CAR",9.5,0,"REG",12
"2020_15_CHI_MIN","MIN","CHI",2.5,1,"REG",5
"2020_15_CLE_NYG","NYG","CLE",6,0,"REG",8
"2020_15_DET_TEN","TEN","DET",9.5,0,"REG",6
"2020_15_HOU_IND","IND","HOU",7.5,1,"REG",9
"2020_15_JAX_BAL","BAL","JAX",13,0,"REG",11
"2020_15_KC_NO","NO","KC",2.5,0,"REG",15
"2020_15_LAC_LV","LV","LAC",3.5,1,"REG",8
"2020_15_NE_MIA","MIA","NE",1.5,1,"REG",9
"2020_15_NYJ_LA","LA","NYJ",17.5,0,"REG",11
"2020_15_PHI_ARI","ARI","PHI",6.5,0,"REG",18
"2020_15_PIT_CIN","CIN","PIT",14.5,1,"REG",6
"2020_15_SEA_WAS","WAS","SEA",6,0,"REG",10
"2020_15_SF_DAL","DAL","SF",4,0,"REG",9
"2020_15_TB_ATL","ATL","TB",6,1,"REG",3
"2020_16_ATL_KC","KC","ATL",11,0,"REG",13
"2020_16_BUF_NE","NE","BUF",7,1,"REG",7
"2020_16_CAR_WAS","WAS","CAR",1,0,"REG",8
"2020_16_CHI_JAX","JAX","CHI",9.5,0,"REG",14
"2020_16_CIN_HOU","HOU","CIN",7.5,0,"REG",11
"2020_16_CLE_NYJ","NYJ","CLE",6.5,0,"REG",13
"2020_16_DEN_LAC","LAC","DEN",2.5,1,"REG",12
"2020_16_IND_PIT","PIT","IND",1,0,"REG",15
"2020_16_LA_SEA","SEA","LA",1.5,1,"REG",10
"2020_16_MIA_LV","LV","MIA",2,0,"REG",9
"2020_16_MIN_NO","NO","MIN",6.5,0,"REG",7
"2020_16_NYG_BAL","BAL","NYG",10,0,"REG",15
"2020_16_PHI_DAL","DAL","PHI",3,1,"REG",17
"2020_16_SF_ARI","ARI","SF",6,1,"REG",8
"2020_16_TB_DET","DET","TB",12,0,"REG",19
"2020_16_TEN_GB","GB","TEN",3,0,"REG",3
"2020_17_ARI_LA","LA","ARI",1,1,"REG",10
"2020_17_ATL_TB","TB","ATL",7.5,1,"REG",7
"2020_17_BAL_CIN","CIN","BAL",13.5,1,"REG",9
"2020_17_DAL_NYG","NYG","DAL",1.5,1,"REG",12
"2020_17_GB_CHI","CHI","GB",4.5,1,"REG",5
"2020_17_JAX_IND","IND","JAX",15.5,1,"REG",4
"2020_17_LAC_KC","KC","LAC",7,1,"REG",9
"2020_17_LV_DEN","DEN","LV",2.5,1,"REG",18
"2020_17_MIA_BUF","BUF","MIA",3.5,1,"REG",5
"2020_17_MIN_DET","DET","MIN",3,1,"REG",11
"2020_17_NO_CAR","CAR","NO",6,1,"REG",5
"2020_17_NYJ_NE","NE","NYJ",3,1,"REG",9
"2020_17_PIT_CLE","CLE","PIT",10.5,1,"REG",6
"2020_17_SEA_SF","SF","SEA",7,1,"REG",6
"2020_17_TEN_HOU","HOU","TEN",7,1,"REG",12
"2020_17_WAS_PHI","PHI","WAS",6.5,1,"REG",11
"2020_18_BAL_TEN","TEN","BAL",3.5,0,"POST",7
"2020_18_CHI_NO","NO","CHI",11,0,"POST",13
"2020_18_CLE_PIT","PIT","CLE",5,1,"POST",7
"2020_18_IND_BUF","BUF","IND",7,0,"POST",4
"2020_18_LA_SEA","SEA","LA",3,1,"POST",11
"2020_18_TB_WAS","WAS","TB",10,0,"POST",5
"2020_19_BAL_BUF","BUF","BAL",2.5,0,"POST",10
"2020_19_CLE_KC","KC","CLE",7.5,0,"POST",10
"2020_19_LA_GB","GB","LA",7,0,"POST",6
"2020_19_TB_NO","NO","TB",2.5,1,"POST",12
"2020_20_BUF_KC","KC","BUF",3,0,"POST",7
"2020_20_TB_GB","GB","TB",3,0,"POST",6
"2020_21_KC_TB","TB","KC",3,0,"POST",15
"2021_01_ARI_TEN","TEN","ARI",2.5,0,"REG",15
"2021_01_BAL_LV","LV","BAL",3,0,"REG",15
"2021_01_CHI_LA","LA","CHI",9.5,0,"REG",7
"2021_01_CLE_KC","KC","CLE",5.5,0,"REG",10
"2021_01_DAL_TB","TB","DAL",10,0,"REG",18
"2021_01_DEN_NYG","NYG","DEN",3,0,"REG",9
"2021_01_GB_NO","NO","GB",4,0,"REG",11
"2021_01_JAX_HOU","HOU","JAX",3.5,1,"REG",15
"2021_01_LAC_WAS","WAS","LAC",2.5,0,"REG",14
"2021_01_MIA_NE","NE","MIA",3.5,1,"REG",13
"2021_01_MIN_CIN","CIN","MIN",3,0,"REG",15
"2021_01_NYJ_CAR","CAR","NYJ",3.5,0,"REG",11
"2021_01_PHI_ATL","ATL","PHI",3.5,0,"REG",26
"2021_01_PIT_BUF","BUF","PIT",6.5,0,"REG",13
"2021_01_SEA_IND","IND","SEA",3,0,"REG",9
"2021_01_SF_DET","DET","SF",9.5,0,"REG",12
"2021_02_ATL_TB","TB","ATL",13.5,1,"REG",15
"2021_02_BUF_MIA","MIA","BUF",3.5,1,"REG",15
"2021_02_CIN_CHI","CHI","CIN",2,0,"REG",12
"2021_02_DAL_LAC","LAC","DAL",3,0,"REG",20
"2021_02_DEN_JAX","JAX","DEN",6,0,"REG",17
"2021_02_DET_GB","GB","DET",11.5,1,"REG",14
"2021_02_HOU_CLE","CLE","HOU",13.5,0,"REG",14
"2021_02_KC_BAL","BAL","KC",3.5,0,"REG",13
"2021_02_LA_IND","IND","LA",4,0,"REG",4
"2021_02_LV_PIT","PIT","LV",5.5,0,"REG",10
"2021_02_MIN_ARI","ARI","MIN",4,0,"REG",8
"2021_02_NE_NYJ","NYJ","NE",5.5,1,"REG",14
"2021_02_NO_CAR","CAR","NO",3,1,"REG",16
"2021_02_NYG_WAS","WAS","NYG",4,1,"REG",20
"2021_02_SF_PHI","PHI","SF",3,0,"REG",13
"2021_02_TEN_SEA","SEA","TEN",6.5,0,"REG",15
"2021_03_ARI_JAX","JAX","ARI",8,0,"REG",11
"2021_03_ATL_NYG","NYG","ATL",3,0,"REG",12
"2021_03_BAL_DET","DET","BAL",7.5,0,"REG",13
"2021_03_CAR_HOU","HOU","CAR",8,0,"REG",15
"2021_03_CHI_CLE","CLE","CHI",7.5,0,"REG",12
"2021_03_CIN_PIT","PIT","CIN",2.5,1,"REG",20
"2021_03_GB_SF","SF","GB",3.5,0,"REG",11
"2021_03_IND_TEN","TEN","IND",4.5,1,"REG",8
"2021_03_LAC_KC","KC","LAC",6.5,1,"REG",14
"2021_03_MIA_LV","LV","MIA",4,0,"REG",16
"2021_03_NO_NE","NE","NO",3,0,"REG",6
"2021_03_NYJ_DEN","DEN","NYJ",10.5,0,"REG",15
"2021_03_PHI_DAL","DAL","PHI",3.5,1,"REG",17
"2021_03_SEA_MIN","MIN","SEA",2,0,"REG",8
"2021_03_TB_LA","LA","TB",1,0,"REG",8
"2021_03_WAS_BUF","BUF","WAS",7.5,0,"REG",10
"2021_04_ARI_LA","LA","ARI",3.5,1,"REG",12
"2021_04_BAL_DEN","DEN","BAL",1,0,"REG",10
"2021_04_CAR_DAL","DAL","CAR",4.5,0,"REG",13
"2021_04_CLE_MIN","MIN","CLE",1,0,"REG",14
"2021_04_DET_CHI","CHI","DET",3,1,"REG",11
"2021_04_HOU_BUF","BUF","HOU",19,0,"REG",13
"2021_04_IND_MIA","MIA","IND",2.5,0,"REG",13
"2021_04_JAX_CIN","CIN","JAX",7.5,0,"REG",8
"2021_04_KC_PHI","PHI","KC",7.5,0,"REG",16
"2021_04_LV_LAC","LAC","LV",3,1,"REG",14
"2021_04_NYG_NO","NO","NYG",7.5,0,"REG",8
"2021_04_PIT_GB","GB","PIT",6.5,0,"REG",8
"2021_04_SEA_SF","SF","SEA",2.5,1,"REG",13
"2021_04_TB_NE","NE","TB",6,0,"REG",15
"2021_04_TEN_NYJ","NYJ","TEN",5.5,0,"REG",14
"2021_04_WAS_ATL","ATL","WAS",1,0,"REG",13
"2021_05_BUF_KC","KC","BUF",2.5,0,"REG",17
"2021_05_CHI_LV","LV","CHI",5.5,0,"REG",18
"2021_05_CLE_LAC","LAC","CLE",2.5,0,"REG",13
"2021_05_DEN_PIT","PIT","DEN",2,0,"REG",15
"2021_05_DET_MIN","MIN","DET",10,1,"REG",10
"2021_05_GB_CIN","CIN","GB",2,0,"REG",4
"2021_05_IND_BAL","BAL","IND",7.5,0,"REG",13
"2021_05_LA_SEA","SEA","LA",2.5,1,"REG",8
"2021_05_MIA_TB","TB","MIA",11,0,"REG",11
"2021_05_NE_HOU","HOU","NE",8,0,"REG",13
"2021_05_NO_WAS","WAS","NO",2.5,0,"REG",11
"2021_05_NYG_DAL","DAL","NYG",7.5,1,"REG",13
"2021_05_NYJ_ATL","ATL","NYJ",3,0,"REG",11
"2021_05_PHI_CAR","CAR","PHI",2.5,0,"REG",15
"2021_05_SF_ARI","ARI","SF",6,1,"REG",13
"2021_05_TEN_JAX","JAX","TEN",4,1,"REG",11
"2021_06_ARI_CLE","CLE","ARI",3,0,"REG",14
"2021_06_BUF_TEN","TEN","BUF",6,0,"REG",15
"2021_06_CIN_DET","DET","CIN",3.5,0,"REG",13
"2021_06_DAL_NE","NE","DAL",3.5,0,"REG",17
"2021_06_GB_CHI","CHI","GB",5.5,1,"REG",10
"2021_06_HOU_IND","IND","HOU",10.5,1,"REG",6
"2021_06_KC_WAS","WAS","KC",6,0,"REG",11
"2021_06_LA_NYG","NYG","LA",7.5,0,"REG",12
"2021_06_LAC_BAL","BAL","LAC",3,0,"REG",6
"2021_06_LV_DEN","DEN","LV",5,1,"REG",12
"2021_06_MIA_JAX","JAX","MIA",2.5,0,"REG",15
"2021_06_MIN_CAR","CAR","MIN",2.5,0,"REG",17
"2021_06_SEA_PIT","PIT","SEA",5.5,0,"REG",11
"2021_06_TB_PHI","PHI","TB",7,0,"REG",11
"2021_07_ATL_MIA","MIA","ATL",1.5,0,"REG",9
"2021_07_CAR_NYG","NYG","CAR",3,0,"REG",15
"2021_07_CHI_TB","TB","CHI",12.5,0,"REG",5
"2021_07_CIN_BAL","BAL","CIN",6.5,1,"REG",6
"2021_07_DEN_CLE","CLE","DEN",2,0,"REG",11
"2021_07_DET_LA","LA","DET",17,0,"REG",12
"2021_07_HOU_ARI","ARI","HOU",20.5,0,"REG",15
"2021_07_IND_SF","SF","IND",3.5,0,"REG",13
"2021_07_KC_TEN","TEN","KC",4,0,"REG",15
"2021_07_NO_SEA","SEA","NO",6,0,"REG",13
"2021_07_NYJ_NE","NE","NYJ",7,1,"REG",11
"2021_07_PHI_LV","LV","PHI",1,0,"REG",11
"2021_07_WAS_GB","GB","WAS",8.5,0,"REG",8
"2021_08_CAR_ATL","ATL","CAR",2.5,1,"REG",11
"2021_08_CIN_NYJ","NYJ","CIN",11.5,0,"REG",13
"2021_08_DAL_MIN","MIN","DAL",4.5,0,"REG",18
"2021_08_GB_ARI","ARI","GB",6.5,0,"REG",14
"2021_08_JAX_SEA","SEA","JAX",4,0,"REG",17
"2021_08_LA_HOU","HOU","LA",17,0,"REG",9
"2021_08_MIA_BUF","BUF","MIA",15,1,"REG",18
"2021_08_NE_LAC","LAC","NE",3.5,0,"REG",9
"2021_08_NYG_KC","KC","NYG",10.5,0,"REG",22
"2021_08_PHI_DET","DET","PHI",3,0,"REG",10
"2021_08_PIT_CLE","CLE","PIT",5.5,1,"REG",13
"2021_08_SF_CHI","CHI","SF",4.5,0,"REG",11
"2021_08_TB_NO","NO","TB",4,1,"REG",13
"2021_08_TEN_IND","IND","TEN",3,1,"REG",20
"2021_08_WAS_DEN","DEN","WAS",4,0,"REG",8
"2021_09_ARI_SF","SF","ARI",5.5,1,"REG",11
"2021_09_ATL_NO","NO","ATL",7,1,"REG",16
"2021_09_BUF_JAX","JAX","BUF",14.5,0,"REG",20
"2021_09_CHI_PIT","PIT","CHI",7,0,"REG",17
"2021_09_CLE_CIN","CIN","CLE",2.5,1,"REG",14
"2021_09_DEN_DAL","DAL","DEN",10.5,0,"REG",10
"2021_09_GB_KC","KC","GB",7,0,"REG",10
"2021_09_HOU_MIA","MIA","HOU",4,0,"REG",10
"2021_09_LAC_PHI","PHI","LAC",1,0,"REG",7
"2021_09_LV_NYG","NYG","LV",3,0,"REG",10
"2021_09_MIN_BAL","BAL","MIN",7.5,0,"REG",16
"2021_09_NE_CAR","CAR","NE",3.5,0,"REG",16
"2021_09_NYJ_IND","IND","NYJ",10.5,0,"REG",9
"2021_09_TEN_LA","LA","TEN",7,0,"REG",16
"2021_10_ATL_DAL","DAL","ATL",8,0,"REG",14
"2021_10_BAL_MIA","MIA","BAL",8.5,0,"REG",15
"2021_10_BUF_NYJ","NYJ","BUF",13,1,"REG",16
"2021_10_CAR_ARI","ARI","CAR",7,0,"REG",13
"2021_10_CLE_NE","NE","CLE",2.5,0,"REG",12
"2021_10_DET_PIT","PIT","DET",9,0,"REG",15
"2021_10_JAX_IND","IND","JAX",10.5,1,"REG",15
"2021_10_KC_LV","LV","KC",2.5,1,"REG",13
"2021_10_LA_SF","SF","LA",3.5,1,"REG",14
"2021_10_MIN_LAC","LAC","MIN",3,0,"REG",17
"2021_10_NO_TEN","TEN","NO",3,0,"REG",17
"2021_10_PHI_DEN","DEN","PHI",1,0,"REG",11
"2021_10_SEA_GB","GB","SEA",3,0,"REG",8
"2021_10_TB_WAS","WAS","TB",10,0,"REG",9
"2021_11_ARI_SEA","SEA","ARI",2.5,1,"REG",5
"2021_11_BAL_CHI","CHI","BAL",5,0,"REG",12
"2021_11_CIN_LV","LV","CIN",1,0,"REG",8
"2021_11_DAL_KC","KC","DAL",2.5,0,"REG",11
"2021_11_DET_CLE","CLE","DET",13,0,"REG",17
"2021_11_GB_MIN","MIN","GB",1,1,"REG",11
"2021_11_HOU_TEN","TEN","HOU",10.5,1,"REG",12
"2021_11_IND_BUF","BUF","IND",7.5,0,"REG",10
"2021_11_MIA_NYJ","NYJ","MIA",3.5,1,"REG",15
"2021_11_NE_ATL","ATL","NE",7,0,"REG",14
"2021_11_NO_PHI","PHI","NO",2.5,0,"REG",9
"2021_11_NYG_TB","TB","NYG",11.5,0,"REG",10
"2021_11_PIT_LAC","LAC","PIT",5.5,0,"REG",20
"2021_11_SF_JAX","JAX","SF",6.5,0,"REG",9
"2021_11_WAS_CAR","CAR","WAS",3.5,0,"REG",15
"2021_12_ATL_JAX","JAX","ATL",1.5,0,"REG",11
"2021_12_BUF_NO","NO","BUF",7,0,"REG",8
"2021_12_CAR_MIA","MIA","CAR",1,0,"REG",12
"2021_12_CHI_DET","DET","CHI",2,1,"REG",15
"2021_12_CLE_BAL","BAL","CLE",3,1,"REG",10
"2021_12_LA_GB","GB","LA",2,0,"REG",7
"2021_12_LAC_DEN","DEN","LAC",2.5,1,"REG",14
"2021_12_LV_DAL","DAL","LV",7,0,"REG",28
"2021_12_MIN_SF","SF","MIN",3.5,0,"REG",10
"2021_12_NYJ_HOU","HOU","NYJ",3,0,"REG",9
"2021_12_PHI_NYG","NYG","PHI",4,1,"REG",6
"2021_12_PIT_CIN","CIN","PIT",3.5,1,"REG",7
"2021_12_SEA_WAS","WAS","SEA",1,0,"REG",10
"2021_12_TB_IND","IND","TB",3,0,"REG",10
"2021_12_TEN_NE","NE","TEN",7.5,0,"REG",9
"2021_13_ARI_CHI","CHI","ARI",7.5,0,"REG",14
"2021_13_BAL_PIT","PIT","BAL",4,1,"REG",15
"2021_13_DAL_NO","NO","DAL",6,0,"REG",12
"2021_13_DEN_KC","KC","DEN",8.5,1,"REG",12
"2021_13_IND_HOU","HOU","IND",10,1,"REG",9
"2021_13_JAX_LA","LA","JAX",14,0,"REG",10
"2021_13_LAC_CIN","CIN","LAC",2.5,0,"REG",14
"2021_13_MIN_DET","DET","MIN",7,1,"REG",10
"2021_13_NE_BUF","BUF","NE",3,1,"REG",9
"2021_13_NYG_MIA","MIA","NYG",6.5,0,"REG",6
"2021_13_PHI_NYJ","NYJ","PHI",5,0,"REG",9
"2021_13_SF_SEA","SEA","SF",3,1,"REG",16
"2021_13_TB_ATL","ATL","TB",11,1,"REG",9
"2021_13_WAS_LV","LV","WAS",1,0,"REG",12
"2021_14_ATL_CAR","CAR","ATL",2.5,1,"REG",12
"2021_14_BAL_CLE","CLE","BAL",3,1,"REG",14
"2021_14_BUF_TB","TB","BUF",3.5,0,"REG",11
"2021_14_CHI_GB","GB","CHI",11.5,1,"REG",10
"2021_14_DAL_WAS","WAS","DAL",6.5,1,"REG",14
"2021_14_DET_DEN","DEN","DET",13,0,"REG",8
"2021_14_JAX_TEN","TEN","JAX",8.5,1,"REG",11
"2021_14_LA_ARI","ARI","LA",3,1,"REG",12
"2021_14_LV_KC","KC","LV",10,1,"REG",17
"2021_14_NO_NYJ","NYJ","NO",4.5,0,"REG",9
"2021_14_NYG_LAC","LAC","NYG",9.5,0,"REG",9
"2021_14_PIT_MIN","MIN","PIT",3.5,0,"REG",21
"2021_14_SEA_HOU","HOU","SEA",10,0,"REG",14
"2021_14_SF_CIN","CIN","SF",2.5,0,"REG",8
"2021_15_ARI_DET","DET","ARI",13,0,"REG",13
"2021_15_ATL_SF","SF","ATL",9.5,0,"REG",9
"2021_15_CAR_BUF","BUF","CAR",14,0,"REG",13
"2021_15_CIN_DEN","DEN","CIN",3,0,"REG",12
"2021_15_DAL_NYG","NYG","DAL",11.5,1,"REG",12
"2021_15_GB_BAL","BAL","GB",9.5,0,"REG",16
"2021_15_HOU_JAX","JAX","HOU",6,1,"REG",13
"2021_15_KC_LAC","LAC","KC",3,1,"REG",9
"2021_15_LV_CLE","CLE","LV",3,0,"REG",10
"2021_15_MIN_CHI","CHI","MIN",7,1,"REG",16
"2021_15_NE_IND","IND","NE",1,0,"REG",10
"2021_15_NO_TB","TB","NO",11.5,1,"REG",9
"2021_15_NYJ_MIA","MIA","NYJ",10.5,1,"REG",8
"2021_15_SEA_LA","LA","SEA",7.5,1,"REG",12
"2021_15_TEN_PIT","PIT","TEN",1,0,"REG",12
"2021_15_WAS_PHI","PHI","WAS",10,1,"REG",6
"2021_16_BAL_CIN","CIN","BAL",7.5,1,"REG",11
"2021_16_BUF_NE","NE","BUF",1,1,"REG",8
"2021_16_CHI_SEA","SEA","CHI",7,0,"REG",15
"2021_16_CLE_GB","GB","CLE",7.5,0,"REG",9
"2021_16_DEN_LV","LV","DEN",1,1,"REG",6
"2021_16_DET_ATL","ATL","DET",7.5,0,"REG",8
"2021_16_IND_ARI","ARI","IND",3,0,"REG",16
"2021_16_JAX_NYJ","NYJ","JAX",2.5,0,"REG",9
"2021_16_LA_MIN","MIN","LA",3.5,0,"REG",3
"2021_16_LAC_HOU","HOU","LAC",13.5,0,"REG",15
"2021_16_MIA_NO","NO","MIA",3,0,"REG",14
"2021_16_NYG_PHI","PHI","NYG",11,1,"REG",17
"2021_16_PIT_KC","KC","PIT",10.5,0,"REG",10
"2021_16_SF_TEN","TEN","SF",3.5,0,"REG",11
"2021_16_TB_CAR","CAR","TB",11.5,1,"REG",12
"2021_16_WAS_DAL","DAL","WAS",10.5,1,"REG",4
"2021_17_ARI_DAL","DAL","ARI",6.5,0,"REG",17
"2021_17_ATL_BUF","BUF","ATL",14,0,"REG",11
"2021_17_CAR_NO","NO","CAR",7,1,"REG",6
"2021_17_CLE_PIT","PIT","CLE",1,1,"REG",15
"2021_17_DEN_LAC","LAC","DEN",8,1,"REG",6
"2021_17_DET_SEA","SEA","DET",8.5,0,"REG",9
"2021_17_HOU_SF","SF","HOU",14,0,"REG",12
"2021_17_JAX_NE","NE","JAX",17.5,0,"REG",6
"2021_17_KC_CIN","CIN","KC",3.5,0,"REG",15
"2021_17_LA_BAL","BAL","LA",7,0,"REG",8
"2021_17_LV_IND","IND","LV",8.5,0,"REG",9
"2021_17_MIA_TEN","TEN","MIA",3,0,"REG",11
"2021_17_MIN_GB","GB","MIN",13,1,"REG",4
"2021_17_NYG_CHI","CHI","NYG",7,0,"REG",8
"2021_17_PHI_WAS","WAS","PHI",6.5,1,"REG",7
"2021_17_TB_NYJ","NYJ","TB",14.5,0,"REG",6
"2021_18_CAR_TB","TB","CAR",11,1,"REG",3
"2021_18_CHI_MIN","MIN","CHI",3.5,1,"REG",6
"2021_18_CIN_CLE","CLE","CIN",6.5,1,"REG",8
"2021_18_DAL_PHI","PHI","DAL",6.5,1,"REG",8
"2021_18_GB_DET","DET","GB",4,1,"REG",2
"2021_18_IND_JAX","JAX","IND",14,1,"REG",10
"2021_18_KC_DEN","DEN","KC",11.5,1,"REG",11
"2021_18_LAC_LV","LV","LAC",3.5,1,"REG",14
"2021_18_NE_MIA","MIA","NE",6,1,"REG",13
"2021_18_NO_ATL","ATL","NO",4.5,1,"REG",9
"2021_18_NYJ_BUF","BUF","NYJ",16,1,"REG",8
"2021_18_PIT_BAL","BAL","PIT",3,1,"REG",7
"2021_18_SEA_ARI","ARI","SEA",5.5,1,"REG",10
"2021_18_SF_LA","LA","SF",3,1,"REG",9
"2021_18_TEN_HOU","HOU","TEN",10.5,1,"REG",9
"2021_18_WAS_NYG","NYG","WAS",6,1,"REG",6
"2021_19_ARI_LA","LA","ARI",4,1,"POST",13
"2021_19_LV_CIN","CIN","LV",6,0,"POST",14
"2021_19_NE_BUF","BUF","NE",4.5,1,"POST",8
"2021_19_PHI_TB","TB","PHI",7.5,0,"POST",8
"2021_19_PIT_KC","KC","PIT",13,0,"POST",7
"2021_19_SF_DAL","DAL","SF",3,0,"POST",23
"2021_20_BUF_KC","KC","BUF",2.5,0,"POST",4
"2021_20_CIN_TEN","TEN","CIN",4,0,"POST",8
"2021_20_LA_TB","TB","LA",2.5,0,"POST",8
"2021_20_SF_GB","GB","SF",5.5,0,"POST",10
"2021_21_CIN_KC","KC","CIN",7,0,"POST",6
"2021_21_SF_LA","LA","SF",3.5,1,"POST",8
"2021_22_LA_CIN","CIN","LA",4.5,0,"POST",6
